Workbook

Sheet Sessions
A1: Participant ID | B1: Date | C1: Group | D1: Screen width (px) | E1: Device | F1: Time to 1st correct interp. (s) | G1: Opened WHY? unprompted | H1: Facilitator steered? | I1: Q1 answer (verbatim) | J1: Q1 score | K1: Q2 answer (verbatim) | L1: Q2 score | M1: Q3 answer (verbatim) | N1: Q3 score | O1: Q3 limitation named | P1: Most confusing part (verbatim) | Q1: Notes
A2: EXAMPLE - delete | B2: 2026-09-15 | C2: HS science student | D2: 390 | E2: phone | F2: 218 | G2: Y | H2: N | I2: Austin looked better. The other one had way more of the water thing. | J2: 1 | K2: The little holes on the leaf shut so it stops taking in air to save water. | L2: 1 | M2: Not that much - it said it never actually measures the plant, and it did not know which variety it was. | N2: 1 | O2: cultivar unknown | P2: I did not know the WHY button was clickable at first. | Q2: Read aloud the whole time. Found Compare on their own.
A3: P01
A4: P02
A5: P03
A6: P04
A7: P05
A8: P06
A9: P07
A10: P08
A11: P09
A12: P10
A13: P11
A14: P12
... A32: P30

Sheet Results
A1: Validation results
A2: Every figure below is a formula over the Sessions tab. Bars were fixed in VALIDATION-PLAN.md before any session ran and must not be edited afterwards.
A4: SESSIONS
A5: Participants recorded | B5: =COUNTA(Sessions!C3:C32) -> 0 | F5: Counts rows with a Group set. Target 8-12; below 8, report as directional only.
A6: Sessions where you steered | B6: =COUNTIF(Sessions!H3:H32,"Y") -> 0 | F6: Keep these in, but disclose the count when reporting.
A7: Opened WHY? unprompted | B7: =IFERROR(COUNTIF(Sessions!G3:G32,"Y")/COUNTA(Sessions!G3:G32),"") | F7: Does the key affordance read as clickable? Low here is a design finding, not a user failing.
A8: Median time to 1st correct interp. (s) | B8: =IFERROR(MEDIAN(Sessions!F3:F32),"") | F8: Median, not mean - one lost participant skews a mean badly at this n.
A10: COMPREHENSION | B10: Correct | C10: Asked | D10: % correct | E10: Bar | F10: Verdict
A11: Q1 - Direction | B11: =COUNTIF(Sessions!J3:J32,1) -> 0 | C11: =COUNT(Sessions!J3:J32) -> 0 | D11: =IFERROR(COUNTIF(Sessions!J3:J32,1)/COUNT(Sessions!J3:J32),"") | E11: 0.8 | F11: =IF(COUNTA(Sessions!C3:C32)=0,"no sessions yet",IF(D11="","",IF(D11>=E11,"PASS","BELOW BAR - report it"))) -> no sessions yet
A12: Q2 - Mechanism | B12: =COUNTIF(Sessions!L3:L32,1) -> 0 | C12: =COUNT(Sessions!L3:L32) -> 0 | D12: =IFERROR(COUNTIF(Sessions!L3:L32,1)/COUNT(Sessions!L3:L32),"") | E12: 0.6 | F12: =IF(COUNTA(Sessions!C3:C32)=0,"no sessions yet",IF(D12="","",IF(D12>=E12,"PASS","BELOW BAR - report it"))) -> no sessions yet
A13: Q3 - Certainty | B13: =COUNTIF(Sessions!N3:N32,1) -> 0 | C13: =COUNT(Sessions!N3:N32) -> 0 | D13: =IFERROR(COUNTIF(Sessions!N3:N32,1)/COUNT(Sessions!N3:N32),"") | E13: 0.6 | F13: =IF(COUNTA(Sessions!C3:C32)=0,"no sessions yet",IF(D13="","",IF(D13>=E13,"PASS","BELOW BAR - report it"))) -> no sessions yet
A15: BY GROUP | B15: n | C15: Q1 % | D15: Q2 % | E15: Q3 %
A16: HS science student | B16: =COUNTIF(Sessions!C3:C32,"HS science student") -> 0 | C16: =IFERROR(COUNTIFS(Sessions!C3:C32,"HS science student",Sessions!J3:J32,1)/COUNTIFS(Sessions!C3:C32,"HS science student",Sessions!J3:J32,"<>"),"") | D16: =IFERROR(COUNTIFS(Sessions!C3:C32,"HS science student",Sessions!L3:L32,1)/COUNTIFS(Sessions!C3:C32,"HS science student",Sessions!L3:L32,"<>"),"") | E16: =IFERROR(COUNTIFS(Sessions!C3:C32,"HS science student",Sessions!N3:N32,1)/COUNTIFS(Sessions!C3:C32,"HS science student",Sessions!N3:N32,"<>"),"")
A17: Teacher | B17: =COUNTIF(Sessions!C3:C32,"Teacher") -> 0 | C17: =IFERROR(COUNTIFS(Sessions!C3:C32,"Teacher",Sessions!J3:J32,1)/COUNTIFS(Sessions!C3:C32,"Teacher",Sessions!J3:J32,"<>"),"") | D17: =IFERROR(COUNTIFS(Sessions!C3:C32,"Teacher",Sessions!L3:L32,1)/COUNTIFS(Sessions!C3:C32,"Teacher",Sessions!L3:L32,"<>"),"") | E17: =IFERROR(COUNTIFS(Sessions!C3:C32,"Teacher",Sessions!N3:N32,1)/COUNTIFS(Sessions!C3:C32,"Teacher",Sessions!N3:N32,"<>"),"")
A18: Non-biology adult | B18: =COUNTIF(Sessions!C3:C32,"Non-biology adult") -> 0 | C18: =IFERROR(COUNTIFS(Sessions!C3:C32,"Non-biology adult",Sessions!J3:J32,1)/COUNTIFS(Sessions!C3:C32,"Non-biology adult",Sessions!J3:J32,"<>"),"") | D18: =IFERROR(COUNTIFS(Sessions!C3:C32,"Non-biology adult",Sessions!L3:L32,1)/COUNTIFS(Sessions!C3:C32,"Non-biology adult",Sessions!L3:L32,"<>"),"") | E18: =IFERROR(COUNTIFS(Sessions!C3:C32,"Non-biology adult",Sessions!N3:N32,1)/COUNTIFS(Sessions!C3:C32,"Non-biology adult",Sessions!N3:N32,"<>"),"")
A20: WHICH LIMITATION DID THEY NAME? (Q3)
A21: Tells you what the app actually taught, versus what it only displays.
A22: cultivar unknown | B22: =COUNTIF(Sessions!O3:O32,"cultivar unknown") -> 0
A23: growth stage unknown | B23: =COUNTIF(Sessions!O3:O32,"growth stage unknown") -> 0
A24: soil/salinity unknown | B24: =COUNTIF(Sessions!O3:O32,"soil/salinity unknown") -> 0
A25: model uncalibrated | B25: =COUNTIF(Sessions!O3:O32,"model uncalibrated") -> 0
A26: inferred not measured | B26: =COUNTIF(Sessions!O3:O32,"inferred not measured") -> 0
A27: nothing about plant measured | B27: =COUNTIF(Sessions!O3:O32,"nothing about plant measured") -> 0
A28: grid not sensor | B28: =COUNTIF(Sessions!O3:O32,"grid not sensor") -> 0
A29: data source failed | B29: =COUNTIF(Sessions!O3:O32,"data source failed") -> 0
A30: GENERIC - does not count | B30: =COUNTIF(Sessions!O3:O32,"GENERIC - does not count") -> 0
A31: none given | B31: =COUNTIF(Sessions!O3:O32,"none given") -> 0

Sheet How to use
A1: Validation results tracker
A2: Companion to docs/VALIDATION-PLAN.md and docs/VALIDATION-FACILITATOR-SCRIPT.md.
A4: Which cells you edit
A5: Only the yellow cells on the Sessions tab. Everything on Results is a formula - do not type over it.
A6: Row 2 of Sessions is a worked example. Delete that row once you have real data.
A7: Blue text = you typed it. Black text = calculated.
A9: One row per participant
A10: Fill it in immediately after the session, while it is fresh - not at the end of the day.
A11: Paste answers VERBATIM. Your summary of what they meant is not data.
A12: Score 1 or 0 against the rubric in the facilitator script, not against your impression.
A14: Two things people get wrong here
A15: 1. Do not edit the bars on the Results tab. They were fixed before the first session. A bar
... A27: Never record a session that did not happen.
